{"xs": [74.23060029282577, 80.53673644985149, 86.8293203458629, 93.09699133961362, 99.3283887898573, 105.51215205534758, 111.63692049483818, 117.69133346708273, 123.66403033083485, 129.5436504448482, 135.31883316787642, 140.97821785867325, 146.51044387599228, 151.90415057858715, 157.1479773252116, 162.23056347461923, 167.14054838556365, 171.86657141679856, 176.3972719270776, 180.7212892751545, 184.82726281978276, 188.7038319197162, 192.3396359337084, 195.723314220513, 198.84350613888373, 201.6888510475741, 204.24798830533788, 206.50955727092875, 208.4621973031003, 210.0945477606062, 211.39524800220005, 212.3529373866356, 212.95625527266645, 213.19384101904632, 213.05433398452877, 212.52637352786758, 211.59859900781623, 210.2596497831285, 208.4981652125581, 206.3027846548585, 203.66214746878347, 200.5648930130867, 196.99966064652176, 192.95508972784233, 188.41981961580214, 183.38248966915475, 177.83173924665385, 171.75620770705308, 165.14453440910611, 157.98535871156662], "ys": [301.884437596302, 309.6830198773215, 316.81127684120474, 323.2792814896983, 329.0971068245479, 334.27482584749987, 338.82251156030037, 342.75023696469566, 346.0680750624318, 348.78609885525486, 350.91438134491125, 352.46299553314685, 353.44201442170805, 353.861511012341, 353.73155830679184, 353.0622293068067, 351.86359701413164, 350.14573443051296, 347.9187145576968, 345.19261039742923, 341.97749495145655, 338.28344122152487, 334.1205222093805, 329.49881091676934, 324.42838034543774, 318.9193034971318, 312.9816533735977, 306.6255029765815, 299.8609253078296, 292.69799336908784, 285.14678016210274, 277.2173586886202, 268.9198019503865, 260.2641829491478, 251.26057468665022, 241.91905016464003, 232.2496823848632, 222.26254434906605, 211.9677090589947, 201.37524951639537, 190.49523872301415, 179.3377496805972, 167.9128553908907, 156.23062885564087, 144.30114307659386, 132.13447105549574, 119.74068579409277, 107.12986029413108, 94.31206755735681, 81.29738058551618]}